upper_limit,fundamental_registered
1619, 0
1621, 0
1620, 0
1620, 1
1620, 2
1620, 6
1620, 10
1620, 10
1622, 11
1622, 14
1622, 18
1622, 21
1622, 23
1622, 31
1622, 35
1623, 36
1624, 39
1625, 43
1625, 44
1625, 46
1624, 46
1624, 46
1624, 47
1624, 47
1624, 49
1624, 50
1625, 53
1625, 59
1627, 64
1627, 68
1628, 73
1630, 77
1632, 95
1632, 117
1637, 129
1637, 144
1638, 153
1639, 154
1639, 157
1639, 157
1639, 158
1640, 160
1641, 161
1642, 162
1642, 163
1643, 165
1643, 166
1643, 168
1644, 169
1644, 172
1644, 172
1646, 177
1644, 180
1644, 180
1642, 181
1642, 188
1642, 190
1643, 196
1644, 197
1644, 197
1644, 197
1645, 200
1645, 201
1645, 206
1645, 211
1646, 214
1647, 224
1647, 226
1647, 238
1647, 241
1647, 242
1647, 248
1648, 261
1648, 267
1648, 274
1649, 284
1649, 313
1649, 343
1649, 344
1649, 348
1649, 356
1649, 368
1651, 383
1652, 411
1652, 430
1652, 456
1653, 520
1653, 578
1653, 687
1653, 800
1653, 890
1653, 1009
1653, 1086
1652, 1210
1652, 1425
1652, 1468
1652, 1532
1652, 1567
1652, 1587
1651, 1591
1651, 1592
1652, 1597
1652, 1599
1652, 1603
1652, 1612
1652, 1616
1653, 1622
1653, 1622
1653, 1626
1653, 1634
1653, 1635
1653, 1636
1653, 1638
1655, 1640
1654, 1643
1654, 1645
1654, 1646
1654, 1646
1654, 1646
1654, 1646
1654, 1646
1654, 1646
1654, 1646
1654, 1646
1654, 1646
1654, 1646
1654, 1646
1654, 1646
1654, 1646
1654, 1646
1654, 1646
1654, 1646
1654, 1646
1655, 1647
1655, 1647
1655, 1647
1655, 1647
1656, 1648
1656, 1648
1656, 1648
1656, 1648
1656, 1649
1656, 1649
1656, 1649
1657, 1650
1658, 1651
1658, 1651
1659, 1652
1660, 1653
1660, 1653
1660, 1653
1660, 1653
1660, 1653
1660, 1653
1660, 1653
1660, 1653
1660, 1653
1660, 1653
1660, 1653
1660, 1653
1660, 1653
1661, 1654
1661, 1654
1661, 1654
1661, 1654
1661, 1654
1661, 1654
1661, 1654
1661, 1654
1660, 1653
1661, 1654
1661, 1654
1661, 1654
1661, 1654
1662, 1655
1662, 1655
1662, 1655
1662, 1655
1663, 1655
1661, 1653
1660, 1652
1660, 1652
1660, 1652
1660, 1652
1660, 1652
1660, 1652
1660, 1652
1660, 1652
1660, 1652
1661, 1653
1661, 1653
1661, 1653
1661, 1653
1660, 1653
1660, 1653
1660, 1653
1662, 1655
1662, 1655
1662, 1655
1662, 1655
1662, 1655
1662, 1655
1662, 1655
1662, 1655
1663, 1656
1663, 1656
1663, 1656
1663, 1656
1663, 1656
1663, 1656
1663, 1656
1663, 1656
1663, 1656
1663, 1657
1663, 1657
1663, 1657
1664, 1658
1664, 1658
1664, 1658
1665, 1659
1666, 1660
1666, 1660
1666, 1660
1667, 1661
1667, 1661
1668, 1662
1668, 1662
1668, 1662
1668, 1662
1668, 1662
1669, 1663
1669, 1663
1669, 1663
1669, 1663
1669, 1663
1670, 1664
1670, 1664
1670, 1664
1670, 1664
1672, 1666
1672, 1666
1672, 1666
1672, 1666
1673, 1667
1673, 1667
1674, 1668
1674, 1668
1674, 1668
1674, 1668
1674, 1668
1674, 1668
1674, 1668
1674, 1668
1674, 1668
1674, 1668
1674, 1668
1675, 1669
1675, 1669
1675, 1669
1674, 1668
1674, 1668
1674, 1668
1675, 1669
1675, 1669
1675, 1669
1675, 1669
1677, 1671
1677, 1671
1677, 1671
1677, 1671
1678, 1672
1678, 1672
1678, 1672
1679, 1673
1679, 1673
1680, 1674
1680, 1674
1680, 1674
1681, 1675
1682, 1676
1682, 1676
1682, 1676
1682, 1676
1681, 1675
1682, 1676
1682, 1676
1682, 1676
1681, 1675
1683, 1677
1683, 1677
1685, 1679
1685, 1679
1685, 1679
1685, 1679
1685, 1679
1686, 1680
1689, 1683
1689, 1683
1691, 1685
1689, 1683
1689, 1683
1690, 1683
1690, 1683
1691, 1683
1691, 1683
1691, 1683
1692, 1684
1692, 1684
1692, 1684
1693, 1685
1694, 1686
1694, 1686
1695, 1687
1696, 1688
1697, 1689
1697, 1689
1697, 1689
1697, 1689
1697, 1689
1697, 1689
1696, 1688
1696, 1688
1696, 1688
1696, 1687
1696, 1687
1696, 1687
1695, 1686
1695, 1686
1695, 1686
1696, 1687
1696, 1687
1696, 1687
1696, 1687
1696, 1687
1696, 1687
1695, 1686
1695, 1686
1696, 1687
1695, 1686
1695, 1686
1695, 1686
1696, 1687
1696, 1687
1696, 1687
1697, 1688
1697, 1688
1696, 1687
1696, 1687
1696, 1687
1696, 1687
1696, 1687
1696, 1687
1696, 1687
1695, 1686
1695, 1686
1695, 1686
1694, 1685
1694, 1685
1694, 1685
1695, 1686
1696, 1687
1695, 1686
1695, 1686
1695, 1686
1695, 1686
1694, 1685
1694, 1685
1694, 1685
1694, 1685
1695, 1686
1695, 1686
1695, 1686
1695, 1686
1695, 1686
1695, 1686
1695, 1686
1695, 1686
1694, 1685
1694, 1685
1694, 1685
1694, 1685
1695, 1686
1696, 1687
1696, 1687
1693, 1684
1693, 1684
1693, 1684
1692, 1683
1692, 1683
1692, 1683
1692, 1683
1692, 1683
1692, 1683
1692, 1683
1693, 1684
1693, 1684
1693, 1684
1693, 1684
1693, 1684
1693, 1684
1693, 1684
1693, 1684
1693, 1684
1693, 1684
1693, 1684
1693, 1684
1693, 1684
1693, 1684
1693, 1684
1693, 1684
1693, 1684
1693, 1684
1693, 1684
1693, 1684
1693, 1684
1693, 1684
1694, 1685
1694, 1685
1694, 1685
1694, 1685
1694, 1685
1695, 1686
1694, 1685
1694, 1685
1694, 1685
1689, 1680
1693, 1681
1692, 1680
1692, 1680
1693, 1680
1694, 1681
1694, 1681
1694, 1681
1693, 1680
1693, 1680
1693, 1680
1693, 1680
1694, 1681
1694, 1681
1694, 1681
1694, 1681
1694, 1681
1694, 1681
1694, 1681
1694, 1681
1694, 1681
1695, 1682
1696, 1683
1696, 1683
1696, 1683
1696, 1683
1696, 1683
1696, 1683
1698, 1685
1698, 1685
1699, 1686
1699, 1686
1699, 1686
1699, 1686
1699, 1686
1699, 1687
1699, 1687
1700, 1688
1699, 1688
1699, 1689
1700, 1690
1700, 1691
1700, 1691
1700, 1691
1700, 1691
1700, 1691
1700, 1691
1700, 1691
1701, 1692
1701, 1692
1702, 1693
1702, 1693
1705, 1696
1707, 1698
1709, 1700
1710, 1701
1710, 1701
1710, 1701
1712, 1703
1712, 1703
1712, 1703
1713, 1704
1712, 1703
1713, 1704
1713, 1704
1713, 1704
1713, 1704
1713, 1704
1713, 1704
1713, 1704
1713, 1704
1713, 1704
1713, 1704
1713, 1704
1713, 1704
1713, 1704
1713, 1704
1713, 1704
1713, 1704
1712, 1703
1712, 1703
1712, 1704
1713, 1705
1715, 1707
1715, 1707
1717, 1709
1718, 1710
1719, 1711
1720, 1712
1721, 1713
1721, 1713
1721, 1713
1721, 1713
1721, 1713
1722, 1714
1723, 1715
1724, 1716
1724, 1716
1726, 1718
1726, 1718
1726, 1718
1726, 1718
1726, 1718
1726, 1718
1726, 1718
1727, 1719
1727, 1719
1728, 1720
1729, 1721
1729, 1721
1729, 1721
1729, 1721
1730, 1722
1731, 1723
1731, 1723
1731, 1723
1731, 1723
1732, 1724
1733, 1725
1733, 1725
1727, 1719
1727, 1719
1727, 1719
1727, 1719
1728, 1719
1728, 1719
1728, 1719
1729, 1720
1730, 1721
1730, 1721
1730, 1721
1731, 1722
1731, 1722
1731, 1722
1731, 1722
1731, 1722
1731, 1722
1731, 1722
1731, 1722
1731, 1722
1731, 1722
1732, 1723
1732, 1723
1733, 1724
1733, 1724
1733, 1724
1734, 1725
1734, 1725
1734, 1725
1734, 1725
1734, 1725
1734, 1725
1734, 1725
1734, 1725
1734, 1726
1734, 1726
1734, 1726
1734, 1726
1734, 1726
1734, 1726
1734, 1726
1734, 1726
1734, 1726
1734, 1727
1734, 1727
1735, 1728
1735, 1728
1734, 1727
1734, 1727
1734, 1727
1733, 1726
1733, 1726
1733, 1726
1733, 1726
1734, 1726
1734, 1726
1734, 1726
1734, 1726
1734, 1726
1735, 1727
1735, 1727
1735, 1727
1736, 1728
1736, 1728
1736, 1728
1736, 1728
1735, 1727
1735, 1727
1736, 1728
1736, 1728
1736, 1728
1736, 1728
1736, 1728
1736, 1728
1736, 1728
1736, 1728
1736, 1728
1736, 1728
1736, 1728
1736, 1728
1736, 1728
1735, 1727
1735, 1727
1736, 1728
1737, 1729
1735, 1727
1735, 1727
1735, 1727
1735, 1727
1735, 1727
1735, 1727
1735, 1727
1736, 1728
1736, 1729
1739, 1732
1739, 1732
1739, 1732
1739, 1732
1739, 1732
1739, 1732
1739, 1732
1739, 1732
1739, 1732
1739, 1732
1739, 1732
1738, 1731
1739, 1732
1739, 1732
1739, 1732
1740, 1734
1741, 1735
1741, 1735
1743, 1737
1743, 1737
1743, 1737
1743, 1737
1743, 1737
1743, 1737
1743, 1737
1744, 1738
1745, 1739
1745, 1739
1747, 1741
1747, 1741
1745, 1739
1746, 1740
1743, 1737
1745, 1739
1749, 1739
1749, 1739
1752, 1740
1752, 1740
1752, 1740
1752, 1740
1752, 1740
1753, 1741
1754, 1742
1754, 1742
1754, 1742
1754, 1742
1754, 1742
1754, 1742
1754, 1742
1754, 1742
1754, 1742
1754, 1742
1754, 1742
1754, 1742
1756, 1744
1756, 1744
1756, 1744
1756, 1744
1756, 1744
1757, 1745
1757, 1745
1758, 1746
1758, 1746
1758, 1747
1758, 1747
1758, 1747
1757, 1746
1757, 1746
1757, 1746
1757, 1747
1758, 1748
1758, 1748
1757, 1747
1757, 1747
1757, 1747
1758, 1748
1760, 1750
1762, 1752
1763, 1753
1763, 1753
1764, 1753
1765, 1754
1766, 1755
1767, 1756
1768, 1757
1770, 1759
1770, 1759
1770, 1759
1771, 1760
1774, 1763
1775, 1764
1775, 1764
1776, 1765
1777, 1766
1777, 1766
1777, 1766
1777, 1766
1777, 1766
1777, 1766
1777, 1766
1777, 1766
1777, 1766
1778, 1767
1778, 1767
1778, 1767
1778, 1767
1778, 1767
1778, 1767
1778, 1767
1778, 1768
1778, 1768
1779, 1769
1779, 1769
1779, 1769
1779, 1769
1779, 1769
1780, 1769
1781, 1770
1781, 1770
1781, 1770
1781, 1770
1781, 1770
1782, 1771
1782, 1772
1783, 1774
1784, 1775
1784, 1775
1784, 1775
1785, 1776
1785, 1776
1785, 1776
1783, 1774
1785, 1776
1785, 1776
1788, 1779
1789, 1780
1789, 1780
1790, 1781
1792, 1783
1792, 1783
1794, 1785
1794, 1785
1794, 1785
1794, 1785
1795, 1786
1795, 1786
1795, 1786
1796, 1787
1798, 1789
1798, 1789
1801, 1792
1802, 1793
1803, 1794
1805, 1796
1801, 1793
1801, 1793
1802, 1793
1803, 1794
1808, 1796
1809, 1797
1812, 1800
1812, 1800
1812, 1800
1812, 1800
1812, 1800
1812, 1800
1813, 1801
1814, 1802
1814, 1802
1814, 1802
1814, 1802
1815, 1803
1816, 1804
1816, 1804
1816, 1804
1816, 1804
1817, 1805
1818, 1806
1817, 1805
1816, 1804
1816, 1804
1817, 1805
1817, 1805
1817, 1805
1817, 1805
1817, 1805
1817, 1805
1817, 1805
1817, 1805
1817, 1806
1817, 1806
1817, 1807
1817, 1808
1816, 1807
1817, 1808
1817, 1808
1817, 1808
1818, 1809
1818, 1809
1818, 1809
1818, 1809
1818, 1809
1818, 1809
1818, 1809
1818, 1809
1818, 1809
1818, 1809
1818, 1809
1818, 1809
1818, 1809
1818, 1809
1818, 1809
1818, 1809
1818, 1809
1818, 1809
1818, 1809
1818, 1809
1818, 1809
1818, 1809
1819, 1810
1819, 1810
1819, 1810
1819, 1810
1819, 1810
1820, 1811
1821, 1812
1821, 1812
1821, 1812
1821, 1812
1822, 1813
1822, 1813
1822, 1813
1822, 1813
1822, 1813
1822, 1813
1822, 1813
1821, 1812
1820, 1811
1821, 1784
1822, 1813
1823, 1814
1823, 1814
1823, 1814
1825, 1816
1825, 1818
1825, 1818
1825, 1819
1825, 1819
1825, 1819
1825, 1819
1825, 1819
1825, 1819
1825, 1819
1825, 1819
1826, 1820
1826, 1820
1826, 1820
1826, 1820
1826, 1820
1826, 1820
1826, 1820
1826, 1820
1826, 1820
1826, 1820
1826, 1820
1826, 1820
1826, 1796
1826, 1820
1826, 1820
1826, 1820
1826, 1820
1826, 1820
1827, 1821
1829, 1823
1830, 1796
1831, 1789
1831, 1825
1831, 1825
1826, 1820
1826, 1820
1826, 1820
1827, 1797
1830, 1821
1831, 1799
1831, 1798
1832, 1823
1833, 1790
1833, 1802
1833, 1797
1833, 1795
1833, 1791
1833, 1806
1834, 1789
1835, 1826
1835, 1826
1835, 1826
1835, 1826
1836, 1827
1836, 1806
1836, 1819
1837, 1793
1839, 1831
1840, 1813
1840, 1832
1841, 1833
1841, 1833
1841, 1798
1842, 1807
1843, 1818
1845, 1805
1845, 1803
1846, 1812
1846, 1819
1847, 1808
1847, 1812
1847, 1823
1847, 1842
1847, 1824
1848, 1807
1848, 1820
1848, 1843
1848, 1843
1848, 1843
1848, 1843
1849, 1813
1849, 1844
1851, 1820
1852, 1847
1854, 1823
1854, 1832
1854, 1849
1855, 1850
1855, 1833
1857, 1835
1856, 1843
1856, 1851
1857, 1852
1857, 1818
1857, 1852
1856, 1851
1858, 1853
1858, 1853
1858, 1853
1858, 1853
1858, 1853
1858, 1853
1857, 1852
1857, 1830
1857, 1852
1857, 1852
1857, 1832
1856, 1834
1856, 1851
1856, 1851
1856, 1851
1856, 1851
1856, 1851
1856, 1851
1857, 1852
1857, 1852
1857, 1852
1857, 1852
1857, 1836
1857, 1846
1857, 1852
1858, 1849
1858, 1853
1859, 1849
1859, 1854
1860, 1850
1860, 1836
1860, 1837
1862, 1855
1862, 1830
1862, 1830
1862, 1823
1864, 1832
1864, 1851
1864, 1857
1866, 1855
1868, 1863
1868, 1863
1868, 1863
1869, 1864
1870, 1865
1870, 1865
1871, 1866
1872, 1867
1872, 1867
1872, 1867
1872, 1859
1872, 1857
1873, 1868
1873, 1868
1873, 1852
1873, 1868
1875, 1870
1875, 1870
1875, 1870
1871, 1866
1871, 1866
1871, 1866
1872, 1867
1872, 1867
1873, 1857
1873, 1868
1874, 1852
1874, 1861
1875, 1853
1876, 1871
1876, 1870
1876, 1871
1877, 1862
1877, 1864
1877, 1864
1877, 1851
1877, 1864
1877, 1865
1877, 1872
1877, 1865
1877, 1858
1879, 1874
1880, 1847
1880, 1875
1880, 1875
1880, 1856
1880, 1849
1880, 1853
1880, 1862
1880, 1847
1880, 1832
1880, 1860
1880, 1863
1880, 1856
1880, 1853
1880, 1876
1880, 1869
1880, 1866
1879, 1875
1880, 1876
1880, 1876
1880, 1876
1880, 1876
1881, 1877
1881, 1877
1881, 1877
1883, 1879
1884, 1880
1884, 1880
1884, 1872
1883, 1869
1883, 1863
1883, 1879
1883, 1879
1884, 1873
1884, 1872
1884, 1880
1884, 1880
1884, 1880
1884, 1859
1884, 1872
1884, 1880
1884, 1880
1884, 1880
1884, 1880
1884, 1880
1884, 1880
1884, 1880
1884, 1872
1884, 1880
1884, 1880
1884, 1880
1884, 1880
1884, 1873
1884, 1856
1884, 1880
1884, 1880
1884, 1880
1884, 1873
1884, 1880
1884, 1880
1884, 1880
1885, 1880
1885, 1880
1884, 1879
1885, 1873
1886, 1870
1886, 1880
1886, 1881
1886, 1881
1886, 1867
1886, 1868
1886, 1875
1886, 1866
1886, 1875
1886, 1881
1886, 1881
1886, 1881
1886, 1874
1886, 1881
1886, 1881
1886, 1875
1886, 1869
1884, 1880
1884, 1880
1884, 1880
1884, 1880
1885, 1881
1886, 1876
1886, 1882
1886, 1882
1886, 1882
1886, 1882
1886, 1876
1886, 1882
1886, 1882
1886, 1882
1886, 1873
1887, 1883
1887, 1883
1886, 1882
1885, 1881
1885, 1881
1879, 1874
1881, 1877
1882, 1877
1882, 1877
1883, 1878
1883, 1878
1883, 1878
1883, 1878
1883, 1878
1884, 1872
1885, 1879
1885, 1880
1885, 1866
1885, 1871
1885, 1880
1886, 1874
1887, 1875
1888, 1883
1888, 1883
1888, 1874
1888, 1873
1888, 1883
1888, 1876
1888, 1883
1888, 1883
1888, 1883
1888, 1883
1888, 1876
1888, 1877
1889, 1877
1888, 1861
1888, 1869
1888, 1859
1887, 1869
1888, 1878
1889, 1867
1889, 1869
1890, 1885
1890, 1872
1890, 1886
1890, 1886
1891, 1887
1892, 1888
1893, 1889
1893, 1889
1895, 1883
1896, 1892
1898, 1886
1898, 1894
1900, 1890
1900, 1896
1900, 1888
1901, 1897
1904, 1891
1904, 1894
1905, 1896
1905, 1892
1905, 1901
1905, 1901
1906, 1890
1906, 1902
1906, 1902
1906, 1902
1906, 1902
1906, 1902
1907, 1903
1907, 1903
1907, 1903
1907, 1903
1907, 1903
1907, 1903
1907, 1889
1907, 1892
1907, 1897
1907, 1897
1907, 1897
1907, 1903
1907, 1903
1907, 1903
1907, 1903
1907, 1903
1907, 1903
1909, 1905
1909, 1905
1909, 1905
1909, 1905
1909, 1897
1909, 1905
1909, 1900
1910, 1889
1911, 1906
1912, 1886
1912, 1898
1912, 1895
1913, 1896
1914, 1909
1915, 1908
1917, 1905
1917, 1912
1917, 1912
1917, 1908
1917, 1912
1917, 1912
1918, 1913
1919, 1914
1919, 1914
1920, 1915
1920, 1915
1919, 1914
1919, 1914
1921, 1916
1922, 1917
1922, 1915
1922, 1917
1923, 1916
1924, 1917
1925, 1920
1925, 1920
1927, 1922
1927, 1922
1928, 1921
1928, 1923
1924, 1919
1925, 1920
1925, 1920
1925, 1920
1926, 1920
1926, 1920
1926, 1920
1927, 1921
1927, 1921
1927, 1920
1927, 1921
1927, 1909
1927, 1921
1927, 1912
1928, 1921
1928, 1921
1928, 1921
1928, 1921
1929, 1924
1929, 1924
1929, 1924
1929, 1924
1929, 1924
1929, 1922
1929, 1924
1930, 1918
1930, 1923
1930, 1915
1930, 1902
1930, 1908
1930, 1907
1929, 1897
1929, 1920
1929, 1922
1929, 1923
1929, 1908
1929, 1918
1929, 1923
1931, 1925
1931, 1927
1931, 1927
1931, 1927
1931, 1927
1931, 1927
1931, 1927
1931, 1925
1931, 1927
1931, 1927
1931, 1922
1931, 1927
1931, 1925
1932, 1924
1932, 1928
1932, 1926
1932, 1924
1932, 1928
1933, 1929
1934, 1926
1935, 1929
1935, 1929
1935, 1931
1935, 1929
1933, 1929
1933, 1927
1933, 1929
1933, 1929
1933, 1929
1933, 1927
1934, 1930
1934, 1928
1934, 1928
1934, 1928
1934, 1928
1934, 1922
1935, 1922
1935, 1924
1935, 1931
1935, 1931
1935, 1931
1935, 1931
1935, 1931
1935, 1931
1934, 1930
1933, 1929
1933, 1929
1934, 1927
1934, 1930
1934, 1930
1934, 1930
1934, 1930
1934, 1930
1935, 1929
1935, 1929
1935, 1929
1935, 1925
1935, 1929
1935, 1922
1935, 1931
1935, 1929
1935, 1931
1936, 1922
1936, 1932
1936, 1932
1936, 1932
1936, 1932
1933, 1929
1933, 1929
1934, 1930
1934, 1930
1935, 1930
1935, 1930
1935, 1930
1935, 1930
1937, 1932
1937, 1932
1937, 1932
1937, 1932
1938, 1926
1939, 1934
1940, 1935
1941, 1936
1941, 1936
1942, 1937
1942, 1935
1943, 1938
1939, 1934
1939, 1932
1939, 1934
1939, 1932
1942, 1937
1943, 1938
1943, 1938
1943, 1938
1943, 1938
1944, 1939
1944, 1939
1944, 1930
1945, 1930
1945, 1931
1945, 1938
1945, 1940
1947, 1941
1947, 1941
1947, 1941
1948, 1942
1948, 1942
1948, 1942
1948, 1938
1948, 1942
1950, 1944
1951, 1945
1951, 1937
1951, 1945
1951, 1937
1951, 1941
1951, 1936
1951, 1930
1952, 1931
1953, 1920
1953, 1934
1954, 1945
1956, 1939
1956, 1948
1956, 1938
1958, 1946
1958, 1953
1958, 1953
1959, 1954
1959, 1951
1960, 1955
1961, 1956
1962, 1957
1962, 1957
1963, 1958
1963, 1958
1963, 1951
1963, 1958
1964, 1952
1964, 1959
1964, 1951
1965, 1959
1965, 1960
1966, 1957
1969, 1964
1970, 1961
1973, 1963
1974, 1969
1976, 1966
1976, 1971
1978, 1974
1978, 1974
1978, 1974
1978, 1974
1978, 1974
1978, 1974
1978, 1967
1978, 1974
1978, 1966
1978, 1974
1978, 1974
1978, 1974
1978, 1970
1978, 1974
1978, 1974
1978, 1974
1978, 1974
1978, 1970
1978, 1974
1978, 1974
1978, 1974
1978, 1974
1978, 1974
1978, 1974
1978, 1974
1978, 1974
1978, 1974
1978, 1968
1978, 1959
1980, 1965
1981, 1976
1981, 1974
1981, 1978
1982, 1979
1982, 1975
1983, 1980
1981, 1978
1982, 1979
1982, 1979
1983, 1980
1983, 1980
1983, 1980
1983, 1980
1983, 1980
1983, 1980
1983, 1976
1984, 1974
1987, 1984
1987, 1982
1988, 1985
1989, 1986
1988, 1985
1989, 1986
1990, 1987
1991, 1984
1990, 1987
1990, 1987
1981, 1978
1981, 1978
1981, 1978
1981, 1978
1984, 1980
1984, 1980
1984, 1980
1984, 1980
1984, 1976
1984, 1976
1984, 1980
1984, 1980
1984, 1973
1984, 1969
1984, 1973
1984, 1980
1984, 1980
1985, 1981
1986, 1978
1986, 1982
1987, 1983
1987, 1983
1987, 1978
1987, 1978
1987, 1983
1987, 1983
1987, 1979
1988, 1972
1988, 1981
1988, 1967
1988, 1965
1988, 1958
1988, 1968
1988, 1985
1988, 1978
1988, 1979
1988, 1975
1988, 1985
1988, 1985
1988, 1985
1988, 1985
1988, 1983
1988, 1985
1989, 1984
1989, 1986
1990, 1984
1990, 1987
1990, 1987
1990, 1987
1991, 1986
1991, 1986
1991, 1981
1992, 1987
1992, 1987
1992, 1989
1992, 1989
1992, 1989
1992, 1989
1992, 1989
1992, 1987
1993, 1984
1994, 1991
1995, 1990
1995, 1990
1995, 1992
1996, 1991
1996, 1993
1996, 1993
1996, 1991
1996, 1993
1996, 1993
1996, 1993
1997, 1994
1997, 1994
1997, 1992
1997, 1988
1997, 1994
1997, 1994
1997, 1994
1997, 1994
1997, 1994
1997, 1994
1996, 1993
1995, 1992
1995, 1992
1994, 1991
1994, 1991
1994, 1991
1996, 1993
1996, 1993
1997, 1994
1997, 1994
1997, 1988
1998, 1984
1998, 1988
1999, 1996
1999, 1990
1999, 1994
1999, 1996
1999, 1996
1999, 1996
1999, 1996
1999, 1996
1999, 1996
1999, 1996
1999, 1996
1997, 1994
1997, 1994
1997, 1992
1998, 1995
1999, 1996
1999, 1996
2000, 1997
2000, 1997
2000, 1997
2000, 1997
1999, 1994
1999, 1994
1999, 1996
1999, 1994
2000, 1997
2001, 1996
2001, 1998
2001, 1998
1994, 1991
1994, 1991
1994, 1991
1994, 1991
1996, 1992
1996, 1992
1996, 1992
1996, 1992
1996, 1991
1996, 1992
1996, 1992
1996, 1992
1996, 1985
1997, 1992
1997, 1993
1997, 1993
1997, 1993
1997, 1992
1997, 1993
1997, 1993
1997, 1993
1998, 1988
1997, 1993
1996, 1992
1996, 1992
1996, 1990
1996, 1986
1996, 1986
1996, 1992
1996, 1992
1996, 1984
1996, 1986
1996, 1986
1996, 1978
1996, 1984
1996, 1981
1996, 1981
1996, 1988
1996, 1992
1996, 1992
1996, 1993
1996, 1993
1995, 1992
1994, 1991
1994, 1991
1994, 1991
1993, 1990
1994, 1991
1994, 1991
1994, 1991
1994, 1991
1994, 1991
1994, 1990
1995, 1992
1995, 1992
1995, 1992
1995, 1991
1997, 1994
1997, 1994
1997, 1994
1998, 1994
1998, 1995
1997, 1994
1998, 1995
1999, 1996
1999, 1996
2000, 1997
2000, 1997
2000, 1997
2000, 1997
2000, 1997
2000, 1997
2000, 1991
2001, 1998
2001, 1998
2001, 1998
2001, 1998
2002, 1999
2002, 1999
2002, 1999
2002, 1999
2001, 1998
2001, 1998
2001, 1998
2001, 1998
2002, 1999
2002, 1999
2002, 1999
2003, 2000
2003, 1994
2003, 2000
2003, 1994
2004, 2001
2004, 1991
2004, 2001
2004, 2001
2004, 2001
2004, 2001
2004, 2001
2005, 2002
2004, 2001
2003, 2000
2004, 2001
2004, 2001
2004, 2001
2006, 2003
2006, 2003
2007, 2004
2008, 2005
2008, 2005
2008, 2005
2008, 2005
2008, 2005
2009, 2005
2010, 2000
2012, 2009
2014, 2011
2016, 2013
2016, 2013
2016, 2013
2017, 2014
2008, 2005
2008, 2005
2008, 2005
2008, 2005
2011, 2007
2011, 2007
2011, 2007
2011, 2007
2011, 2007
2011, 2007
2011, 2007
2011, 2007
2011, 2001
2011, 2007
2011, 2007
2011, 2007
2011, 2007
2011, 2007
2010, 2006
2009, 2005
2009, 2005
2009, 2005
2009, 2005
2009, 2005
2009, 2005
2009, 2005
2009, 2005
2009, 1999
2009, 2005
2008, 1998
2008, 1997
2008, 1999
2008, 1997
2008, 1998
2008, 2004
2008, 2004
2008, 2004
2008, 2004
2008, 2004
2009, 2005
2009, 2005
2009, 2005
2009, 2005
2009, 2005
2009, 2005
2008, 2004
2008, 2004
2008, 2004
2008, 2004
2008, 2004
2008, 2004
2009, 2005
2009, 2005
2009, 2005
2009, 2005
2010, 2006
2010, 2006
2010, 2006
2010, 2006
2010, 2006
2010, 2006
2010, 2006
2009, 2005
2009, 2005
2009, 2005
2009, 2005
2008, 2004
2008, 2004
2008, 2004
2008, 2004
2008, 2004
2008, 2004
2008, 2004
2008, 2004
2008, 2004
2008, 2004
2008, 2004
2008, 2004
2008, 2004
2008, 2004
2008, 2004
2008, 2004
2008, 2004
2008, 2004
2007, 2003
2008, 2004
2008, 2004
2008, 2004
2008, 2004
2008, 2004
2008, 2004
2007, 2003
2007, 2003
2007, 1999
2006, 1998
2006, 2002
2006, 2002
2006, 2003
2006, 2003
2006, 2003
2005, 2002
2005, 2002
2005, 2002
2005, 2002
2005, 2002
2005, 2002
2005, 2002
2005, 2002
2005, 2002
2006, 2003
2006, 2003
2006, 2003
2006, 2003
2006, 2003
2006, 2003
2006, 2003
2006, 2003
2006, 2003
2007, 2004
2007, 2004
2007, 2004
2007, 2004
2008, 2005
2008, 2005
2008, 2005
2006, 2003
2006, 2003
2006, 2003
2005, 2002
2009, 2004
2009, 2004
2009, 2004
2009, 2004
2009, 2004
2009, 2004
2009, 2004
2009, 2000
2009, 2004
2009, 2004
2009, 2004
2009, 2004
2009, 2004
2009, 2004
2009, 2004
2009, 2004
2009, 2004
2008, 2003
2009, 2004
2009, 2004
2009, 2004
2008, 2003
2008, 2003
2009, 2004
2009, 2004
2009, 2004
2008, 2002
2008, 2003
2008, 2003
2008, 2003
2008, 1998
2008, 2003
2008, 2003
2008, 2003
2008, 2003
2008, 2003
2006, 2001
2006, 2001
2006, 2001
2006, 2001
2007, 2002
2007, 2002
2007, 2002
2007, 2001
2007, 2002
2007, 2002
2007, 2002
2008, 2003
2008, 2003
2009, 2004
2009, 2004
2009, 2004
2010, 2005
2010, 2005
2011, 2006
2011, 2006
2011, 2006
2009, 2004
2009, 2004
2009, 2004
2009, 2004
2009, 2004
2009, 2004
2009, 2004
2009, 2004
2009, 2004
2009, 2004
2009, 2004
2009, 2004
2009, 2004
2009, 2004
2008, 2003
2008, 2003
2008, 2003
2008, 2003
2008, 2003
2008, 2003
2008, 2003
2008, 2003
2008, 2002
2008, 2004
2008, 2004
2008, 2004
2008, 2004
2009, 1997
2009, 2005
2008, 2004
2008, 2004
2008, 2005
2008, 2005
2008, 2005
2008, 2005
2008, 2005
2008, 2005
2006, 2003
2005, 2002
2005, 2002
2005, 2002
2006, 2003
2007, 2003
2006, 2002
2006, 2002
2006, 2002
2006, 2002
2006, 2002
2006, 2002
2006, 2002
2007, 2003
2007, 2003
2006, 2002
2006, 2002
2007, 2003
2007, 2003
2007, 2003
2006, 2002
2006, 2002
2001, 1997
2001, 1997
2001, 1997
2001, 1997
2005, 2000
2007, 2002
2007, 2002
2007, 2002
2007, 2002
2007, 2002
2007, 2002
2007, 2001
2006, 2002
2005, 2001
2005, 2001
2005, 2001
2005, 2001
2005, 2001
2005, 2001
2005, 2001
2005, 2001
2005, 2000
2004, 2000
2004, 2000
2004, 1995
2004, 2000
2004, 2000
2004, 1999
2004, 1999
2004, 1999
2004, 1999
2004, 2000
2004, 1994
2004, 2000
2004, 2000
2004, 2000
2004, 2000
2004, 2000
2003, 1999
2003, 1999
2003, 1999
2003, 1999
2003, 1999
2003, 1999
2003, 1999
2003, 1999
2003, 1999
2003, 1999
2003, 1999
2003, 1999
2003, 1999
2003, 1999
2003, 1999
2003, 1999
2003, 1999
2002, 1998
2002, 1998
2002, 1998
2002, 1998
2003, 1998
2003, 1999
2004, 1999
2004, 2000
2004, 2000
2004, 2000
2004, 2000
2004, 2000
2004, 2000
2004, 2000
2004, 2000
2004, 2000
2004, 2000
2004, 2000
2004, 1999
2004, 2000
2004, 2000
2004, 2000
2005, 2001
2004, 2000
2004, 2000
2004, 2000
2004, 2000
2003, 1999
2002, 1998
2002, 1993
2002, 1993
2002, 1999
2002, 1999
2002, 1999
2002, 1999
2002, 1999
2002, 1999
2001, 1998
2001, 1998
2001, 1998
2001, 1998
2001, 1998
2001, 1998
2001, 1998
2001, 1998
2001, 1998
2001, 1998
2001, 1998
2001, 1998
2000, 1997
2000, 1997
2000, 1997
2000, 1997
2000, 1997
2000, 1997
2000, 1997
2000, 1997
2000, 1997
2000, 1997
2000, 1997
2000, 1997
2000, 1997
2001, 1998
2001, 1998
2000, 1997
2001, 1998
2001, 1998
2001, 1998
1996, 1993
1996, 1993
1996, 1993
1996, 1993
1998, 1987
1998, 1994
1998, 1994
1998, 1994
1998, 1994
1998, 1994
1998, 1994
1998, 1994
1998, 1994
1998, 1994
1998, 1994
1998, 1994
1998, 1994
1998, 1994
1998, 1994
1998, 1994
1998, 1994
1998, 1994
1998, 1994
1998, 1994
1998, 1990
1998, 1994
1998, 1994
1998, 1994
1998, 1994
1998, 1990
1998, 1988
1998, 1994
1998, 1994
1998, 1994
1998, 1994
1998, 1994
1998, 1994
1998, 1994
1998, 1994
1998, 1994
1998, 1994
1996, 1992
1996, 1992
1996, 1992
1996, 1992
1996, 1992
1996, 1992
1996, 1992
1996, 1992
1996, 1992
1996, 1992
1996, 1992
1996, 1992
1995, 1991
1995, 1991
1996, 1992
1997, 1992
1997, 1993
1997, 1993
1997, 1993
1997, 1991
1997, 1993
1997, 1993
1997, 1993
1997, 1993
1997, 1993
1996, 1992
1996, 1992
1996, 1992
1996, 1992
1996, 1992
1996, 1992
1996, 1992
1996, 1992
1996, 1992
1996, 1992
1996, 1992
1996, 1992
1996, 1992
1996, 1992
1994, 1990
1994, 1990
1994, 1990
1994, 1989
1995, 1990
1995, 1990
1995, 1991
1995, 1990
1995, 1990
1995, 1990
1995, 1991
1995, 1991
1995, 1991
1995, 1991
1995, 1991
1995, 1991
1995, 1991
1995, 1991
1995, 1991
1995, 1991
1993, 1989
1993, 1989
1993, 1989
1993, 1989
1993, 1989
1993, 1989
1993, 1989
1994, 1990
1994, 1991
1993, 1989
1993, 1989
1993, 1989
1993, 1989
1993, 1989
1993, 1989
1993, 1989
1994, 1990
1995, 1991
1995, 1991
1996, 1992
1996, 1992
1996, 1992
1991, 1987
1991, 1987
1991, 1987
1992, 1988
1992, 1988
1992, 1988
1992, 1988
1992, 1988
1992, 1988
1992, 1988
1992, 1988
1992, 1988
1992, 1988
1992, 1988
1992, 1988
1992, 1988
1992, 1988
1992, 1988
1992, 1988
1992, 1988
1992, 1988
1991, 1987
1991, 1986
1991, 1986
1991, 1984
1991, 1984
1991, 1987
1991, 1987
1991, 1987
1991, 1987
1991, 1986
1991, 1987
1991, 1987
1991, 1987
1991, 1987
1991, 1987
1991, 1987
1991, 1987
1991, 1987
1992, 1988
1992, 1988
1992, 1988
1992, 1988
1992, 1988
1992, 1988
1993, 1989
1993, 1989
1993, 1989
1993, 1989
1993, 1989
1994, 1990
1995, 1992
1994, 1991
1994, 1991
1994, 1991
1994, 1991
1994, 1991
1994, 1991
1994, 1991
1995, 1991
1996, 1993
1996, 1993
1996, 1993
1996, 1993
1996, 1993
1996, 1993
1996, 1993
1996, 1993
1996, 1993
1996, 1993
1996, 1993
1996, 1993
1996, 1993
1996, 1992
1996, 1993
1996, 1993
1996, 1993
1996, 1993
1996, 1993
1996, 1993
1995, 1992
1995, 1992
1995, 1992
1994, 1991
1994, 1991
1994, 1991
1994, 1991
1994, 1991
1994, 1991
1994, 1991
1994, 1991
1994, 1984
1994, 1991
1994, 1991
1994, 1991
1994, 1991
1994, 1991
1994, 1991
1994, 1991
1994, 1991
1994, 1991
1994, 1991
1994, 1991
1994, 1991
1994, 1991
1994, 1991
1994, 1991
1994, 1991
1994, 1991
1995, 1992
1994, 1991
1994, 1991
1994, 1991
1994, 1991
1994, 1991
1994, 1991
1994, 1991
1994, 1991
1994, 1991
1994, 1991
1994, 1991
1994, 1991
1994, 1991
1994, 1991
1990, 1987
1990, 1987
1990, 1987
1992, 1988
1992, 1988
1992, 1988
1992, 1988
1992, 1988
1992, 1988
1992, 1988
1992, 1988
1992, 1988
1992, 1988
1992, 1988
1992, 1988
1992, 1988
1992, 1988
1992, 1988
1992, 1988
1992, 1988
1992, 1988
1992, 1988
1991, 1987
1991, 1987
1990, 1986
1991, 1987
1991, 1987
1991, 1987
1991, 1987
1991, 1987
1991, 1983
1991, 1984
1991, 1988
1991, 1988
1991, 1988
1991, 1988
1991, 1988
1991, 1988
1991, 1988
1991, 1988
1990, 1987
1990, 1987
1990, 1987
1992, 1989
1992, 1989
1992, 1989
1992, 1989
1992, 1989
1992, 1989
1992, 1989
1993, 1990
1993, 1990
1993, 1989
1994, 1991
1995, 1992
1994, 1991
1994, 1991
1995, 1992
1995, 1992
1995, 1992
1994, 1991
1994, 1991
1994, 1991
1994, 1991
1994, 1991
1994, 1991
1994, 1991
1994, 1991
1994, 1991
1994, 1991
1994, 1991
1994, 1991
1994, 1991
1994, 1991
1994, 1991
1994, 1991
1994, 1991
1994, 1991
1994, 1991
1994, 1991
1994, 1991
1994, 1990
1994, 1991
1994, 1991
1994, 1991
1994, 1990
1994, 1991
1994, 1991
1994, 1990
1994, 1991
1994, 1991
1994, 1989
1994, 1991
1994, 1991
1994, 1991
1994, 1991
1994, 1991
1994, 1991
1994, 1991
1994, 1991
1994, 1991
1994, 1991
1995, 1992
1995, 1992
1997, 1994
1997, 1994
1997, 1994
1997, 1994
1997, 1994
1998, 1995
2001, 1996
2001, 1998
2001, 1998
1999, 1996
2000, 1997
2001, 1998
2002, 1999
2002, 1999
2003, 2000
2003, 2000
2003, 2000
2002, 1999
2002, 1999
2002, 1999
2004, 2001
2004, 2001
2004, 2001
2004, 2001
2004, 2001
2004, 2001
2004, 2001
2004, 2001
2004, 2001
2004, 2001
2004, 2001
2004, 2001
2004, 2001
2004, 2001
2004, 2001
2004, 2001
2004, 2001
2004, 2001
2004, 2001
2004, 2001
2003, 2000
2003, 2000
2003, 2000
2003, 2000
2003, 2000
2003, 1998
2003, 1996
2003, 2000
2003, 2000
2003, 2000
2003, 2000
2003, 2000
2003, 2000
2003, 2000
2003, 2000
2003, 2000
2001, 1998
2001, 1998
2001, 1998
2002, 1999
2002, 1999
2002, 1999
2002, 1999
2002, 1999
2002, 1999
2003, 2000
2003, 2000
2003, 2000
2003, 2000
2003, 2000
2003, 2000
2003, 2000
2003, 2000
2003, 2000
2003, 2000
2004, 1998
2004, 2001
2004, 2001
2002, 1999
2002, 1998
2002, 1999
2002, 1999
2002, 1999
2002, 1999
2002, 1999
2002, 1999
2002, 1999
2003, 2000
2003, 2000
2003, 2000
2003, 2000
2003, 2000
2003, 2000
2003, 2000
2004, 2001
2004, 2001
2004, 2001
2004, 2001
2003, 2000
2003, 2000
2003, 1997
2002, 1999
2002, 1999
2002, 1999
2002, 1999
2002, 1999
2002, 1999
2002, 1999
2002, 1999
2002, 1999
2002, 1999
2002, 1999
2002, 1999
2002, 1999
2002, 1999
2002, 1999
2002, 1999
2002, 1999
2002, 1999
2002, 1999
2003, 2000
2003, 2000
2003, 2000
2003, 2000
2003, 2000
2003, 2000
2004, 2001
2004, 2001
2004, 2001
2004, 2001
2004, 2001
2004, 2001
2004, 2001
2004, 2001
2005, 2002
2005, 2002
2005, 2002
2005, 2002
2006, 2003
2006, 2003
2008, 2005
2005, 2002
2005, 2002
2005, 2002
2011, 2005
2011, 2005
2011, 2005
2011, 2005
2011, 2005
2011, 2005
2011, 2005
2011, 2005
2011, 2005
2011, 2005
2010, 2004
2010, 2004
2010, 2004
2010, 2004
2010, 2004
2010, 2004
2011, 2005
2010, 2004
2010, 2000
2010, 2004
2010, 2004
2010, 2004
2010, 2004
2010, 2000
2010, 2004
2010, 2004
2010, 2004
2010, 2004
2010, 2004
2010, 2004
2010, 2004
2010, 2004
2011, 2005
2011, 2005
2011, 2005
2011, 2005
2011, 2005
2011, 2005
2011, 2005
2011, 2005
2011, 2005
2011, 2005
2011, 2005
2011, 2005
2012, 2006
2012, 2006
2013, 2007
2013, 2007
2013, 2007
2014, 2008
2014, 2008
2015, 2009
2016, 2010
2019, 2013
2020, 2014
2021, 2015
2021, 2015
2021, 2015
2020, 2014
2020, 2014
2020, 2014
2020, 2014
2020, 2014
2020, 2014
2020, 2014
2020, 2014
2018, 2012
2018, 2012
2018, 2012
2017, 2011
2017, 2011
2017, 2011
2018, 2012
2018, 2012
2018, 2012
2018, 2012
2018, 2012
2018, 2012
2018, 2012
2018, 2012
2018, 2012
2018, 2013
2018, 2013
2019, 2013
2019, 2014
2019, 2014
2019, 2014
2019, 2015
2019, 2015
2019, 2012
2019, 2016
2018, 2014
2018, 2015
2018, 2015
2018, 2015
2018, 2015
2018, 2015
2018, 2015
2019, 2016
2020, 2017
2020, 2017
2020, 2018
2021, 2019
2021, 2019
2021, 2019
2021, 2019
2022, 2020
2022, 2019
2022, 2020
2022, 2020
2024, 2021
2024, 2022
2024, 2022
2023, 2021
2023, 2021
2024, 2022
2024, 2022
2024, 2022
2024, 2022
2021, 2019
2023, 2021
2023, 2021
2024, 2022
2024, 2022
2025, 2023
2025, 2022
2025, 2023
2025, 2023
2025, 2023
2025, 2023
2025, 2023
2025, 2022
2025, 2023
2025, 2023
2025, 2023
2025, 2023
2025, 2023
2024, 2022
2024, 2022
2024, 2022
2024, 2022
2024, 2022
2023, 2019
2023, 2021
2022, 2020
2022, 2020
2022, 2020
2022, 2020
2022, 2014
2022, 2014
2022, 2019
2022, 2020
2022, 2020
2022, 2020
2022, 2020
2022, 2020
2022, 2020
2023, 2021
2023, 2021
2025, 2023
2025, 2022
2026, 2024
2026, 2024
2026, 2024
2026, 2024
2026, 2024
2026, 2024
2026, 2024
2026, 2024
2025, 2023
2025, 2023
2025, 2022
2025, 2022
2025, 2023
2025, 2023
2025, 2023
2025, 2023
2025, 2023
2026, 2023
2026, 2024
2027, 2025
2027, 2025
2028, 2026
2028, 2026
2030, 2028
2030, 2028
2030, 2028
2030, 2028
2030, 2028
2030, 2028
2030, 2028
2030, 2028
2030, 2028
2031, 2028
2031, 2029
2031, 2029
2032, 2030
2031, 2029
2031, 2029
2033, 2031
2033, 2031
2033, 2031
2033, 2031
2032, 2030
2032, 2026
2032, 2030
2032, 2030
2032, 2030
2032, 2030
2032, 2030
2032, 2029
2032, 2029
2032, 2027
2032, 2030
2032, 2026
2032, 2030
2032, 2030
2032, 2030
2033, 2031
2033, 2031
2033, 2031
2033, 2031
2033, 2031
2033, 2031
2033, 2031
2033, 2031
2033, 2031
2033, 2031
2033, 2031
2033, 2031
2033, 2030
2034, 2032
2034, 2032
2034, 2032
2034, 2032
2035, 2032
2035, 2033
2035, 2032
2035, 2033
2036, 2031
2036, 2034
2036, 2034
2036, 2034
2038, 2035
2036, 2033
2036, 2033
2036, 2033
2038, 2033
2038, 2033
2038, 2033
2038, 2033
2038, 2033
2038, 2033
2038, 2033
2038, 2033
2038, 2033
2038, 2033
2038, 2033
2038, 2033
2038, 2033
2039, 2034
2039, 2034
2041, 2036
2041, 2036
2041, 2036
2041, 2036
2041, 2036
2041, 2036
2041, 2036
2041, 2036
2041, 2034
2041, 2036
2041, 2035
2041, 2036
2041, 2036
2041, 2036
2041, 2036
2041, 2036
2041, 2036
2042, 2038
2043, 2039
2043, 2039
2043, 2039
2044, 2040
2044, 2040
2044, 2040
2045, 2041
2045, 2041
2045, 2041
2046, 2042
2045, 2041
2045, 2041
2045, 2040
2045, 2041
2047, 2043
2046, 2042
2049, 2045
2048, 2044
2050, 2046
2052, 2048
2052, 2048
2052, 2048
2054, 2050
2057, 2053
2058, 2054
2058, 2054
2059, 2055
2059, 2055
2059, 2055
2060, 2056
2060, 2056
2060, 2056
2060, 2056
2060, 2056
2060, 2056
2060, 2056
2060, 2056
2060, 2056
2060, 2056
2060, 2056
2060, 2056
2060, 2056
2060, 2056
2060, 2056
2060, 2056
2060, 2056
2060, 2057
2060, 2058
2060, 2058
2060, 2055
2060, 2057
2060, 2058
2060, 2058
2060, 2055
2060, 2058
2061, 2053
2062, 2056
2062, 2060
2062, 2060
2062, 2060
2062, 2060
2062, 2060
2062, 2060
2062, 2060
2062, 2060
2062, 2060
2062, 2060
2063, 2061
2063, 2061
2063, 2061
2063, 2061
2063, 2061
2064, 2062
2064, 2062
2065, 2063
2066, 2064
2067, 2065
2071, 2069
2071, 2069
2073, 2071
2074, 2072
2076, 2074
2076, 2074
2076, 2074
2075, 2073
2075, 2073
2075, 2073
2077, 2074
2077, 2074
2078, 2075
2079, 2076
2079, 2076
2079, 2076
2080, 2072
2080, 2077
2080, 2077
2080, 2072
2080, 2077
2080, 2077
2080, 2077
2080, 2077
2080, 2077
2080, 2077
2080, 2077
2079, 2076
2080, 2077
2080, 2077
2080, 2072
2080, 2078
2080, 2078
2080, 2077
2079, 2077
2079, 2077
2079, 2073
2079, 2071
2079, 2068
2079, 2076
2079, 2077
2079, 2077
2079, 2077
2079, 2077
2079, 2077
2079, 2077
2079, 2077
2079, 2077
2079, 2077
2078, 2076
2079, 2077
2079, 2077
2080, 2078
2081, 2079
2081, 2079
2081, 2079
2080, 2078
2080, 2078
2081, 2079
2082, 2079
2082, 2079
2082, 2079
2082, 2079
2080, 2077
2080, 2077
2081, 2078
2082, 2079
2083, 2080
2082, 2079
2080, 2077
2080, 2074
2080, 2076
2081, 2078
2081, 2078
2082, 2078
2082, 2079
2082, 2079
2082, 2079
2083, 2080
2085, 2082
2085, 2082
2085, 2079
3138, 3134
3135, 3131
3135, 3131
3135, 3131
3135, 3131
3134, 3130
3134, 3130
3134, 3130
3134, 3130
3126, 3122
3127, 3123
3127, 3123
3127, 3123
3127, 3123
3127, 3123
3127, 3122
3127, 3123
3127, 3122
3127, 3123
3127, 3122
3127, 3124
3127, 3124
3127, 3124
3127, 3124
3127, 3124
3127, 3124
3127, 3124
3127, 3124
3126, 3123
3126, 3123
3126, 3123
3126, 3123
3127, 3124
3127, 3124
3127, 3124
3127, 3124
3128, 3124
3128, 3124
3128, 3124
3128, 3124
3128, 3124
3127, 3123
3127, 3123
3127, 3123
3126, 3122
3126, 3122
3126, 3122
3127, 3123
3127, 3123
3128, 3124
3120, 3116
3120, 3116
3120, 3116
3123, 3117
3123, 3117
3123, 3117
3124, 3118
3124, 3118
3125, 3119
3125, 3119
3125, 3119
3125, 3118
3124, 3118
3124, 3118
3124, 3118
3124, 3118
3124, 3118
3124, 3118
3124, 3118
3124, 3118
3124, 3118
3124, 3118
3118, 3112
3118, 3112
3119, 3112
3120, 3112
3120, 3112
3120, 3111
3120, 3108
3120, 3112
3119, 3112
3119, 3112
3119, 3112
3119, 3108
3119, 3114
3119, 3114
3120, 3115
3122, 3117
3122, 3117
3123, 3118
3124, 3119
3123, 3118
3121, 3116
3121, 3116
3122, 3118
3123, 3118
3124, 3119
3124, 3119
3124, 3119
3125, 3120
3126, 3121
3127, 3122
3129, 3124
3129, 3124
3130, 3125
3130, 3125
3131, 3126
3135, 3130
3138, 3133
3138, 3133
3139, 3134
3139, 3134
3137, 3132
3137, 3132
3137, 3132
3138, 3133
3138, 3133
3138, 3133
3138, 3133
3138, 3133
3138, 3133
3138, 3133
3138, 3133
3138, 3133
3138, 3133
3138, 3133
3138, 3133
3138, 3133
3138, 3133
3137, 3132
3137, 3132
3136, 3131
3136, 3131
3136, 3131
3138, 3133
3138, 3134
3138, 3134
3138, 3134
3138, 3131
3138, 3130
3138, 3134
3137, 3125
3137, 3128
3138, 3135
3138, 3135
3138, 3135
3138, 3135
3138, 3135
3138, 3135
3138, 3135
3137, 3134
3137, 3134
3137, 3134
3137, 3134
3135, 3132
3135, 3132
3136, 3133
3136, 3133
3136, 3133
3136, 3133
3138, 3135
3138, 3135
3138, 3135
3138, 3135
3139, 3136
3140, 3137
3140, 3137
3140, 3137
3140, 3137
3142, 3139
3140, 3137
3141, 3138
3141, 3138
3142, 3139
3142, 3139
3142, 3139
3142, 3139
3142, 3139
3144, 3141
3144, 3141
3144, 3141
3144, 3141
3144, 3141
3144, 3141
3144, 3141
3144, 3141
3145, 3142
3145, 3142
3145, 3142
3148, 3144
3148, 3145
3148, 3145
3148, 3141
3148, 3145
3148, 3145
3148, 3145
3148, 3144
3148, 3145
3148, 3139
3148, 3145
3148, 3141
3148, 3135
3148, 3140
3148, 3146
3148, 3146
3148, 3146
3148, 3146
3149, 3147
3149, 3147
3149, 3147
3149, 3147
3149, 3147
3149, 3147
3149, 3146
3149, 3147
3149, 3146
3149, 3147
3149, 3147
3149, 3147
3149, 3147
3149, 3147
3149, 3147
3149, 3147
3149, 3147
3149, 3147
3149, 3147
3150, 3148
3150, 3148
3150, 3148
3150, 3148
3151, 3149
3152, 3149
3151, 3149
3153, 3150
3153, 3151
3153, 3151
3154, 3152
3154, 3152
3154, 3152
3154, 3152
3154, 3152
3154, 3152
3155, 3153
3155, 3149
3156, 3153
3158, 3156
3158, 3156
3158, 3156
3158, 3156
3158, 3156
3159, 3154
3159, 3157
3158, 3156
3158, 3156
3155, 3147
3155, 3151
3155, 3151
3155, 3153
3155, 3151
3155, 3150
3155, 3153
3155, 3151
3155, 3151
3155, 3153
3155, 3148
3154, 3147
3154, 3150
3154, 3152
3155, 3152
3155, 3152
3155, 3152
3155, 3152
3155, 3152
3155, 3152
3155, 3152
3155, 3152
3155, 3152
3155, 3152
3155, 3152
3155, 3152
3155, 3152
3155, 3152
3155, 3152
3155, 3152
3155, 3152
3155, 3152
3156, 3153
3156, 3152
3155, 3152
3156, 3153
3157, 3154
3158, 3154
3158, 3155
3159, 3157
3160, 3158
3156, 3154
3156, 3154
3158, 3156
3160, 3156
3160, 3156
3160, 3156
3160, 3156
3160, 3156
3161, 3157
3162, 3158
3162, 3158
3162, 3158
3162, 3158
3163, 3159
3163, 3159
3164, 3159
3165, 3160
3167, 3162
3167, 3162
3167, 3162
3166, 3154
3166, 3161
3166, 3161
3167, 3161
3167, 3162
3167, 3163
3167, 3162
3167, 3162
3168, 3163
3168, 3160
3168, 3163
3168, 3160
3169, 3156
3169, 3165
3169, 3165
3169, 3165
3169, 3165
3169, 3165
3170, 3166
3170, 3166
3170, 3166
3171, 3167
3171, 3167
3171, 3167
3171, 3167
3171, 3167
3171, 3167
3171, 3167
3171, 3167
3171, 3167
3171, 3167
3175, 3171
3175, 3171
3176, 3172
3182, 3178
3184, 3180
3187, 3183
3189, 3185
3193, 3189
3196, 3192
3199, 3195
3198, 3194
3198, 3194
3198, 3194
3199, 3194
3199, 3194
3199, 3194
3199, 3194
3199, 3194
3199, 3194
3199, 3193
3199, 3194
3199, 3194
3199, 3194
3199, 3194
3199, 3194
3199, 3194
3199, 3194
3199, 3194
3200, 3195
3199, 3194
3199, 3194
3199, 3194
3200, 3194
3200, 3194
3200, 3194
3200, 3194
3200, 3193
3200, 3193
3200, 3194
3201, 3185
3201, 3185
3201, 3198
3201, 3198
3203, 3200
3204, 3201
3205, 3202
3206, 3203
3206, 3203
3203, 3200
3203, 3200
3203, 3199
3203, 3200
3203, 3200
3203, 3200
3203, 3200
3203, 3200
3203, 3200
3203, 3199
3203, 3200
3203, 3200
3203, 3200
3203, 3200
3205, 3202
3205, 3202
3209, 3206
3209, 3206
3208, 3204
3211, 3208
3212, 3208
3213, 3210
3211, 3208
3211, 3207
3211, 3207
3212, 3208
3212, 3208
3212, 3208
3212, 3208
3212, 3208
3213, 3210
3213, 3210
3213, 3210
3213, 3210
3213, 3210
3213, 3210
3213, 3210
3214, 3211
3215, 3212
3216, 3213
3217, 3214
3217, 3214
3219, 3216
3219, 3216
3222, 3219
3223, 3220
3223, 3220
3223, 3220
3223, 3210
3222, 3217
3222, 3218
3222, 3218
3222, 3204
3222, 3203
3222, 3220
3222, 3220
3222, 3220
3222, 3220
3222, 3220
3222, 3220
3222, 3220
3220, 3218
3220, 3218
3220, 3218
3220, 3218
3220, 3218
3220, 3218
3220, 3218
3220, 3218
3220, 3218
3220, 3218
3220, 3218
3220, 3218
3220, 3216
3220, 3218
3222, 3220
3223, 3221
3224, 3222
3224, 3222
3224, 3222
3224, 3222
3225, 3223
3228, 3222
3227, 3225
3228, 3226
3228, 3226
3228, 3226
3228, 3226
3228, 3226
3228, 3226
3229, 3226
3230, 3227
3230, 3227
3231, 3228
3231, 3228
3231, 3225
3230, 3227
3231, 3228
3231, 3228
3231, 3228
3231, 3228
3230, 3227
3230, 3227
3229, 3226
3229, 3226
3227, 3223
3228, 3224
3227, 3223
3226, 3222
3227, 3223
3227, 3223
3227, 3221
3227, 3223
3227, 3222
3228, 3224
3228, 3224
3229, 3222
3229, 3220
3229, 3226
3230, 3227
3230, 3227
3230, 3227
3230, 3227
3230, 3227
3230, 3227
3231, 3228
3231, 3228
3233, 3230
3234, 3231
3235, 3231
3237, 3233
3237, 3233
3236, 3232
3236, 3232
3237, 3233
3237, 3233
3237, 3233
3237, 3229
3238, 3233
3239, 3234
3239, 3234
3240, 3235
3240, 3235
3240, 3235
3240, 3235
3235, 3230
3235, 3230
3235, 3230
3237, 3231
3237, 3231
3237, 3231
3237, 3231
3237, 3231
3236, 3230
3236, 3227
3236, 3230
3236, 3228
3237, 3231
3237, 3231
3237, 3231
3237, 3231
3237, 3231
3238, 3232
3239, 3233
3239, 3233
3240, 3234
3241, 3236
3241, 3236
3240, 3235
3240, 3234
3241, 3235
3241, 3235
3241, 3235
3241, 3235
3242, 3229
3242, 3236
3242, 3237
3242, 3229
3242, 3238
3242, 3238
3242, 3238
3244, 3240
3245, 3242
3245, 3240
3245, 3240
3245, 3240
3246, 3241
3245, 3240
3245, 3240
3245, 3240
3246, 3241
3246, 3241
3246, 3241
3246, 3241
3247, 3242
3247, 3242
3248, 3243
3248, 3243
3249, 3244
3250, 3245
3252, 3247
3254, 3249
3256, 3251
3258, 3253
3260, 3255
3261, 3256
3260, 3256
3260, 3256
3260, 3256
3260, 3256
3260, 3256
3260, 3256
3260, 3256
3260, 3258
3260, 3256
3260, 3256
3260, 3252
3260, 3256
3260, 3256
3260, 3256
3260, 3256
3258, 3254
3258, 3254
3257, 3253
3257, 3253
3256, 3252
3256, 3252
3256, 3252
3256, 3252
3255, 3251
3255, 3251
3255, 3252
3255, 3251
3255, 3251
3255, 3251
3255, 3248
3255, 3243
3255, 3252
3255, 3251
3255, 3252
3254, 3250
3254, 3251
3254, 3250
3254, 3250
3255, 3251
3254, 3250
3254, 3250
3254, 3250
3255, 3250
3256, 3251
3257, 3252
3258, 3253
3258, 3253
3258, 3253
3259, 3254
3259, 3254
3260, 3255
3260, 3254
3262, 3256
3263, 3258
3263, 3258
3269, 3264
3270, 3265
3270, 3265
3272, 3267
3272, 3267
3272, 3267
3269, 3264
3269, 3264
3271, 3266
3273, 3266
3273, 3266
3273, 3266
3273, 3266
3273, 3266
3273, 3266
3273, 3266
3273, 3267
3273, 3267
3273, 3263
3274, 3269
3274, 3269
3275, 3270
3275, 3270
3277, 3272
3277, 3272
3276, 3271
3275, 3270
3275, 3270
3275, 3269
3274, 3269
3274, 3268
3274, 3265
3274, 3264
3274, 3267
3274, 3260
3274, 3262
3274, 3269
3274, 3269
3274, 3269
3274, 3269
3274, 3269
3273, 3268
3273, 3268
3273, 3268
3273, 3268
3272, 3267
3272, 3267
3272, 3267
3272, 3267
3272, 3267
3272, 3267
3272, 3267
3272, 3267
3272, 3267
3272, 3266
3272, 3267
3272, 3267
3272, 3267
3274, 3269
3274, 3269
3276, 3271
3276, 3271
3278, 3273
3279, 3274
3281, 3276
3281, 3276
3282, 3277
3282, 3277
3284, 3277
3284, 3279
3285, 3280
3285, 3280
3285, 3280
3285, 3280
3286, 3280
3286, 3280
3286, 3280
3286, 3280
3286, 3279
3286, 3282
3286, 3280
3286, 3280
3286, 3280
3288, 3282
3288, 3282
3287, 3281
3287, 3281
3284, 3278
3285, 3279
3285, 3281
3284, 3279
3284, 3279
3284, 3280
3284, 3279
3283, 3279
3283, 3279
3283, 3279
3282, 3279
3282, 3275
3282, 3278
3283, 3279
3283, 3280
3283, 3279
3283, 3279
3283, 3279
3283, 3279
3283, 3279
3283, 3279
3283, 3279
3281, 3277
3281, 3277
3282, 3278
3283, 3279
3284, 3280
3284, 3280
3284, 3280
3284, 3280
3284, 3280
3284, 3280
3284, 3280
3284, 3280
3287, 3284
3287, 3283
3288, 3284
3288, 3284
3288, 3284
3288, 3284
3288, 3285
3289, 3285
3287, 3283
3288, 3285
3289, 3285
3290, 3286
3290, 3286
3290, 3286
3289, 3285
3290, 3286
3290, 3286
3291, 3287
3291, 3288
3290, 3286
3291, 3287
3291, 3287
3291, 3287
3291, 3287
3291, 3287
3291, 3287
3292, 3288
3292, 3289
3292, 3289
3292, 3288
3291, 3287
3290, 3287
3290, 3286
3289, 3285
3289, 3285
3289, 3286
3289, 3285
3289, 3284
3289, 3286
3289, 3278
3289, 3285
3288, 3284
3288, 3284
3289, 3285
3290, 3285
3291, 3286
3291, 3286
3292, 3287
3290, 3285
3293, 3288
3293, 3288
3293, 3288
3293, 3288
3293, 3288
3294, 3288
3295, 3289
3296, 3290
3296, 3290
3296, 3289
3296, 3290
3297, 3291
3298, 3292
3299, 3293
3301, 3295
3302, 3296
3305, 3299
3307, 3301
3307, 3301
3308, 3302
3304, 3298
3304, 3298
3304, 3298
3306, 3298
3306, 3298
3306, 3298
3306, 3298
3306, 3298
3306, 3298
3306, 3298
3305, 3298
3305, 3298
3305, 3298
3305, 3298
3304, 3297
3304, 3297
3303, 3296
3303, 3296
3303, 3296
3304, 3297
3303, 3296
3303, 3296
3303, 3296
3303, 3296
3303, 3296
3303, 3296
3303, 3294
3303, 3296
3303, 3295
3304, 3296
3304, 3293
3304, 3286
3304, 3297
3305, 3298
3305, 3298
3305, 3298
3305, 3298
3305, 3298
3307, 3300
3307, 3300
3307, 3300
3307, 3300
3307, 3300
3307, 3300
3308, 3301
3308, 3301
3309, 3302
3309, 3302
3310, 3303
3311, 3304
3311, 3304
3311, 3304
3312, 3305
3314, 3307
3316, 3309
3319, 3312
3321, 3314
3321, 3314
3323, 3315
3324, 3317
3326, 3319
3326, 3319
3328, 3321
3328, 3321
3328, 3321
3328, 3321
3328, 3321
3329, 3322
3329, 3322
3330, 3323
3330, 3323
3330, 3321
3330, 3324
3330, 3324
3330, 3324
3331, 3325
3331, 3325
3331, 3325
3331, 3325
3331, 3325
3332, 3326
3331, 3325
3331, 3325
3331, 3325
3331, 3325
3331, 3325
3330, 3325
3330, 3324
3330, 3323
3330, 3325
3330, 3317
3330, 3316
3330, 3326
3330, 3326
3330, 3326
3330, 3326
3330, 3326
3330, 3326
3330, 3326
3330, 3326
3330, 3326
3329, 3325
3329, 3325
3329, 3325
3329, 3325
3328, 3324
3328, 3324
3328, 3324
3328, 3324
3328, 3324
3328, 3324
3328, 3324
3328, 3324
3328, 3324
3329, 3325
3329, 3325
3329, 3325
3330, 3326
3330, 3326
3330, 3326
3330, 3326
3330, 3326
3331, 3327
3330, 3326
3330, 3326
3334, 3330
3334, 3330
3334, 3330
3334, 3330
3333, 3329
3333, 3329
3333, 3329
3333, 3329
3334, 3330
3334, 3330
3334, 3330
3334, 3330
3335, 3331
3337, 3333
3337, 3333
3337, 3333
3337, 3333
3337, 3333
3335, 3331
3335, 3331
3335, 3331
3335, 3331
3335, 3331
3336, 3332
3336, 3332
3336, 3332
3336, 3332
3337, 3334
3336, 3326
3336, 3333
3336, 3333
3336, 3333
3336, 3333
3336, 3333
3336, 3333
3336, 3333
3336, 3333
3336, 3333
3336, 3333
3336, 3333
3336, 3333
3337, 3334
3337, 3334
3337, 3334
3337, 3334
3337, 3334
3337, 3334
3336, 3333
3336, 3333
3335, 3332
3335, 3331
3336, 3333
3337, 3334
3337, 3334
3338, 3335
3339, 3336
3339, 3336
3340, 3337
3340, 3337
3341, 3338
3339, 3336
3340, 3337
3342, 3339
3342, 3339
3342, 3339
3342, 3339
3345, 3342
3345, 3342
3345, 3342
3345, 3342
3345, 3342
3345, 3342
3345, 3342
3347, 3344
3347, 3344
3347, 3344
3347, 3344
3347, 3344
3348, 3345
3350, 3347
3351, 3348
3350, 3347
3351, 3348
3352, 3349
3353, 3350
3353, 3350
3353, 3350
3353, 3350
3353, 3350
3353, 3348
3353, 3348
3353, 3350
3353, 3347
3354, 3351
3354, 3351
3354, 3351
3354, 3351
3355, 3352
3355, 3352
3355, 3352
3356, 3353
3358, 3355
3359, 3356
3359, 3356
3360, 3356
3360, 3356
3360, 3356
3360, 3356
3360, 3356
3361, 3357
3363, 3358
3367, 3362
3369, 3366
3371, 3368
3372, 3368
3373, 3370
3375, 3371
3377, 3374
3377, 3372
3378, 3373
3379, 3374
3378, 3373
3378, 3373
3377, 3372
3377, 3372
3377, 3372
3378, 3372
3378, 3372
3378, 3372
3378, 3373
3378, 3371
3378, 3372
3378, 3372
3378, 3372
3378, 3372
3378, 3372
3377, 3371
3377, 3371
3377, 3371
3378, 3372
3376, 3370
3376, 3370
3376, 3371
3375, 3369
3375, 3370
3375, 3369
3375, 3370
3375, 3366
3375, 3368
3375, 3367
3375, 3367
3375, 3368
3375, 3370
3375, 3370
3375, 3370
3375, 3370
3375, 3370
3375, 3370
3376, 3371
3376, 3371
3376, 3371
3377, 3372
3377, 3372
3378, 3373
3378, 3373
3378, 3373
3378, 3373
3378, 3373
3377, 3373
3377, 3372
3377, 3372
3377, 3370
3378, 3372
3379, 3374
3379, 3374
3380, 3376
3381, 3376
3383, 3379
3383, 3378
3384, 3379
3384, 3380
3386, 3382
3387, 3382
3387, 3382
3388, 3383
3389, 3384
3389, 3384
3389, 3385
3389, 3384
3390, 3385
3391, 3387
3391, 3386
3391, 3382
3391, 3385
3391, 3386
3391, 3386
3391, 3386
3392, 3388
3392, 3388
3393, 3389
3392, 3388
3392, 3388
3393, 3390
3393, 3389
3394, 3390
3394, 3390
3393, 3389
3393, 3388
3393, 3388
3393, 3386
3393, 3381
3393, 3381
3394, 3391
3394, 3391
3394, 3392
3394, 3391
3394, 3391
3394, 3391
3394, 3391
3394, 3391
3394, 3391
3394, 3391
3394, 3391
3395, 3392
3395, 3392
3395, 3392
3395, 3392
3395, 3392
3395, 3392
3395, 3391
3395, 3392
3395, 3392
3395, 3392
3395, 3392
3395, 3392
3395, 3392
3396, 3393
3397, 3395
3400, 3395
3401, 3399
3401, 3398
3402, 3400
3402, 3397
3402, 3400
3403, 3401
3404, 3401
3404, 3401
3405, 3402
3406, 3403
3406, 3403
3406, 3403
3407, 3404
3407, 3404
3407, 3404
3407, 3403
3407, 3404
3407, 3404
3407, 3404
3407, 3404
3407, 3404
3408, 3405
3409, 3406
3411, 3408
3412, 3409
3411, 3408
3411, 3408
3411, 3408
3413, 3410
3413, 3407
3412, 3409
3412, 3409
3412, 3406
3412, 3407
3412, 3404
3412, 3408
3412, 3408
3412, 3410
3412, 3410
3412, 3410
3412, 3410
3412, 3410
3413, 3411
3413, 3411
3413, 3411
3413, 3411
3413, 3411
3413, 3411
3413, 3411
3413, 3411
3413, 3411
3413, 3411
3413, 3411
3415, 3413
3415, 3413
3415, 3413
3415, 3413
3415, 3413
3417, 3414
3417, 3415
3416, 3414
3417, 3415
3418, 3416
3419, 3417
3420, 3419
3408, 3406
3409, 3407
3410, 3409
3417, 3409
3417, 3409
3418, 3410
3418, 3410
3418, 3410
3418, 3410
3419, 3411
3419, 3411
3419, 3411
3419, 3408
3419, 3411
3419, 3411
3420, 3412
3422, 3414
3421, 3413
3421, 3413
3421, 3413
3421, 3413
3420, 3412
3420, 3412
3421, 3413
3421, 3413
3421, 3413
3421, 3413
3421, 3413
3422, 3414
3422, 3414
3422, 3414
3422, 3411
3422, 3414
3422, 3407
3422, 3408
3422, 3417
3422, 3417
3422, 3417
3422, 3417
3422, 3417
3422, 3417
3422, 3417
3421, 3416
3423, 3418
3423, 3418
3423, 3418
3423, 3418
3422, 3417
3422, 3417
3422, 3417
3422, 3417
3422, 3417
3424, 3419
3425, 3421
3427, 3422
3427, 3420
3429, 3424
3431, 3426
3434, 3429
3435, 3430
3440, 3435
3442, 3437
3439, 3434
3439, 3434
3439, 3434
3439, 3434
3439, 3434
3438, 3433
3438, 3433
3438, 3433
3438, 3433
3438, 3433
3438, 3433
3438, 3433
3438, 3433
3438, 3433
3437, 3432
3437, 3432
3437, 3433
3437, 3433
3436, 3432
3436, 3432
3436, 3432
3436, 3432
3436, 3432
3436, 3433
3436, 3432
3436, 3432
3436, 3432
3436, 3431
3435, 3430
3435, 3426
3435, 3428
3435, 3433
3435, 3433
3435, 3433
3435, 3433
3436, 3434
3437, 3435
3437, 3435
3437, 3435
3438, 3436
3440, 3438
3441, 3438
3441, 3438
3443, 3439
3443, 3439
3442, 3438
3442, 3438
3442, 3438
3443, 3439
3443, 3439
3444, 3440
3445, 3441
3446, 3442
3448, 3444
3449, 3445
3449, 3445
3450, 3446
3450, 3446
3450, 3446
3453, 3449
3455, 3451
3455, 3451
3455, 3451
3456, 3452
3456, 3452
3456, 3452
3457, 3453
3457, 3453
3457, 3453
3457, 3453
3457, 3449
3457, 3452
3457, 3453
3457, 3453
3457, 3453
3457, 3453
3457, 3453
3457, 3453
3458, 3454
3460, 3456
3459, 3456
3459, 3456
3459, 3454
3459, 3456
3459, 3454
3459, 3452
3459, 3449
3459, 3451
3459, 3456
3459, 3456
3459, 3456
3459, 3456
3459, 3456
3459, 3456
3459, 3456
3459, 3456
3459, 3456
3458, 3455
3459, 3456
3459, 3456
3460, 3457
3460, 3457
3460, 3457
3460, 3457
3460, 3457
3460, 3457
3460, 3457
3461, 3458
3461, 3458
3461, 3457
3461, 3459
3461, 3459
3462, 3460
3463, 3461
3464, 3460
3464, 3462
3465, 3463
3467, 3463
3469, 3467
3470, 3467
3469, 3466
3469, 3466
3469, 3466
3469, 3466
3470, 3467
3470, 3467
3470, 3467
3469, 3466
3469, 3466
3469, 3463
3470, 3462
3470, 3467
3471, 3468
3471, 3468
3471, 3468
3470, 3467
3471, 3468
3471, 3468
3471, 3468
3472, 3469
3471, 3468
3473, 3469
3473, 3469
3473, 3469
3472, 3468
3472, 3468
3472, 3465
3472, 3469
3473, 3468
3473, 3471
3473, 3469
3473, 3471
3473, 3471
3473, 3471
3473, 3471
3473, 3471
3473, 3471
3472, 3470
3472, 3470
3472, 3470
3472, 3470
3469, 3467
3469, 3467
3470, 3468
3470, 3468
3470, 3468
3470, 3468
3470, 3466
3470, 3468
3470, 3468
3470, 3468
3470, 3467
3470, 3466
3470, 3469
3470, 3469
3472, 3471
3474, 3473
3475, 3474
3475, 3474
3478, 3474
3477, 3475
3477, 3476
3479, 3477
3480, 3477
3480, 3478
3480, 3478
3481, 3479
3483, 3481
3484, 3482
3484, 3482
3484, 3473
3484, 3480
3484, 3482
3484, 3482
3486, 3484
3486, 3484
3486, 3484
3487, 3485
3488, 3486
3489, 3487
3490, 3486
3491, 3489
3491, 3487
3491, 3489
3491, 3489
3491, 3489
3490, 3488
3489, 3487
3489, 3482
3489, 3485
3489, 3482
3489, 3480
3489, 3487
3489, 3487
3489, 3487
3489, 3487
3490, 3488
3490, 3488
3491, 3489
3491, 3489
3492, 3490
3492, 3490
3492, 3490
3492, 3490
3492, 3490
3492, 3490
3492, 3490
3492, 3490
3492, 3488
3494, 3490
3495, 3490
3496, 3493
3496, 3494
3499, 3496
3501, 3498
3504, 3501
3506, 3503
3508, 3505
3508, 3505
3508, 3505
3510, 3507
3511, 3508
3511, 3508
3511, 3508
3506, 3503
3504, 3501
3502, 3499
3503, 3500
3504, 3498
3502, 3499
3505, 3502
3505, 3502
3501, 3498
3502, 3499
3504, 3501
3500, 3497
3502, 3499
3503, 3500
3499, 3496
3500, 3497
3501, 3498
3498, 3495
3501, 3498
3484, 3481
3484, 3481
3484, 3481
3486, 3483
3485, 3479
3485, 3480
3487, 3483
3487, 3479
3487, 3476
3487, 3485
3484, 3482
3485, 3483
3486, 3484
3486, 3484
3486, 3483
3487, 3485
3482, 3480
3482, 3480
3493, 3491
3492, 3490
3491, 3489
3492, 3490
3495, 3492
3496, 3494
3497, 3495
3496, 3494
3495, 3493
3499, 3496
3501, 3497
3502, 3498
3501, 3499
3503, 3501
3505, 3503
3508, 3506
3508, 3506
3510, 3505
3507, 3505
3502, 3500
3503, 3501
3518, 3515
3520, 3517
3519, 3516
3521, 3518
3518, 3515
3520, 3517
3520, 3517
3521, 3518
3521, 3516
3519, 3512
3520, 3517
3521, 3518
3520, 3517
3519, 3516
3517, 3514
3518, 3515
3519, 3516
3519, 3516
3519, 3516
3519, 3514
3520, 3517
3519, 3516
3521, 3518
3520, 3517
3521, 3516
3521, 3515
3520, 3511
3520, 3513
3521, 3515
3520, 3519
3520, 3517
3521, 3518
3520, 3519
3520, 3519
3521, 3518
3521, 3518
3522, 3517
3522, 3519
3521, 3518
3521, 3520
3521, 3520
3522, 3521
3521, 3520
3520, 3519
3519, 3518
3521, 3520
3520, 3518
3521, 3520
3519, 3516
3521, 3520
3520, 3519
3521, 3520
3518, 3517
3518, 3517
3517, 3516
3519, 3518
3521, 3517
3522, 3521
3521, 3518
3522, 3520
3523, 3522
3522, 3521
3522, 3521
3522, 3521
3522, 3521
3524, 3523
3524, 3523
3523, 3522
3523, 3522
3523, 3522
3523, 3522
3526, 3523
3526, 3525
3527, 3526
3526, 3525
3526, 3523
3526, 3525
3526, 3525
3524, 3523
3523, 3522
3522, 3521
3524, 3520
3527, 3526
3527, 3526
3528, 3527
3528, 3526
3529, 3528
3529, 3528
3528, 3524
3528, 3524
3528, 3524
3529, 3528
3529, 3528
3529, 3528
3530, 3529
3529, 3528
3529, 3528
3530, 3527
3531, 3530
3531, 3530
3530, 3529
3529, 3528
3529, 3528
3530, 3529
3530, 3529
3530, 3529
3530, 3529
3529, 3528
3529, 3528
3529, 3528
3530, 3527
3530, 3529
3530, 3529
3530, 3529
3530, 3527
3530, 3529
3530, 3529
3532, 3529
3536, 3535
3536, 3535
3538, 3537
3538, 3535
3539, 3538
3538, 3537
3538, 3535
3538, 3537
3538, 3537
3538, 3537
3538, 3535
3538, 3537
3539, 3538
3539, 3536
3539, 3534
3540, 3537
3541, 3540
3540, 3539
3541, 3540
3541, 3540
3541, 3540
3541, 3540
3543, 3540
3545, 3540
3545, 3544
3546, 3545
3549, 3548
3549, 3548
3547, 3543
3547, 3546
3547, 3546
3548, 3545
3544, 3540
3545, 3541
3544, 3537
3546, 3545
3544, 3543
3545, 3544
3546, 3543
3546, 3545
3545, 3544
3547, 3544
3548, 3547
3549, 3548
3549, 3548
3547, 3546
3548, 3547
3547, 3546
3548, 3547
3547, 3546
3547, 3546
3547, 3546
3547, 3546
3548, 3546
3548, 3544
3550, 3549
3555, 3553
3558, 3556
3560, 3559
3562, 3561
3565, 3564
3567, 3566
3568, 3567
3571, 3569
3572, 3570
3573, 3572
3573, 3572
3576, 3575
3575, 3574
3574, 3573
3574, 3573
3573, 3572
3574, 3573
3572, 3570
3573, 3568
3574, 3573
3574, 3573
3573, 3572
3573, 3572
3573, 3572
3573, 3572
3572, 3571
3572, 3571
3573, 3572
3571, 3570
3572, 3571
3571, 3570
3571, 3570
3570, 3569
3572, 3570
3572, 3571
3573, 3572
3573, 3571
3573, 3567
3572, 3549
3573, 3568
3574, 3574
3572, 3572
3574, 3574
3575, 3575
3575, 3575
3574, 3574
3575, 3574
3578, 3578
3578, 3578
3577, 3577
3578, 3578
3577, 3577
3578, 3578
3576, 3576
3578, 3578
3578, 3578
3577, 3577
3578, 3577
3579, 3577
3581, 3576
3579, 3578
3581, 3581
3583, 3582
3579, 3579
3578, 3578
3580, 3579
3581, 3580
3583, 3583
3582, 3581
3577, 3572
3577, 3577
3581, 3580
3582, 3581
3582, 3581
3585, 3584
3586, 3585
3588, 3587
3587, 3586
3588, 3584
3588, 3586
3588, 3582
3590, 3589
3590, 3589
3590, 3589
3589, 3588
3589, 3588
3593, 3592
3592, 3590
3590, 3589
3591, 3590
3590, 3589
3590, 3589
3590, 3588
3590, 3588
3591, 3588
3591, 3590
3591, 3587
3591, 3585
3590, 3577
3590, 3590
3591, 3591
3591, 3591
3591, 3591
3590, 3590
3590, 3590
3590, 3590
3590, 3590
3590, 3590
3587, 3587
3587, 3587
3587, 3587
3588, 3588
3589, 3589
3589, 3589
3588, 3588
3587, 3587
3587, 3587
3590, 3590
3590, 3586
3589, 3588
3589, 3589
3590, 3590
3591, 3591
3589, 3589
3590, 3590
3593, 3589
3597, 3594
3600, 3597
3600, 3598
3603, 3600
3602, 3600
3603, 3602
3605, 3602
3605, 3602
3606, 3603
3607, 3604
3607, 3604
3608, 3605
3606, 3603
3607, 3604
3606, 3601
3608, 3604
3606, 3601
3608, 3605
3608, 3605
3609, 3605
3609, 3605
3608, 3605
3608, 3605
3609, 3606
3607, 3604
3608, 3604
3606, 3603
3606, 3603
3606, 3604
3607, 3603
3606, 3603
3607, 3602
3607, 3604
3606, 3602
3606, 3602
3606, 3605
3607, 3606
3605, 3604
3606, 3605
3607, 3605
3607, 3606
3608, 3607
3608, 3607
3609, 3608
3609, 3606
3609, 3608
3608, 3607
3606, 3605
3609, 3608
3609, 3608
3610, 3609
3610, 3609
3610, 3609
3610, 3609
3609, 3605
3609, 3605
3606, 3603
3606, 3605
3606, 3605
3605, 3604
3607, 3606
3609, 3607
3610, 3609
3610, 3609
3612, 3610
3600, 3598
3599, 3597
3609, 3598
3609, 3598
3609, 3598
3609, 3598
3610, 3599
3612, 3601
3612, 3601
3612, 3600
3611, 3600
3614, 3601
3614, 3602
3614, 3605
3614, 3605
3613, 3604
3614, 3605
3614, 3605
3614, 3605
3615, 3606
3613, 3604
3612, 3603
3612, 3604
3611, 3603
3610, 3602
3610, 3601
3611, 3603
3611, 3603
3612, 3602
3612, 3604
3612, 3602
3612, 3595
3612, 3607
3612, 3608
3612, 3608
3613, 3609
3614, 3609
3614, 3610
3616, 3611
3617, 3613
3617, 3613
3617, 3613
3618, 3614
3618, 3614
3618, 3614
3618, 3614
3618, 3614
3618, 3614
3618, 3614
3616, 3611
3617, 3613
3617, 3613
3617, 3611
3618, 3611
3620, 3616
3621, 3617
3624, 3620
3627, 3623
3634, 3630
3637, 3629
3645, 3636
3647, 3642
3647, 3642
3645, 3640
3645, 3640
3648, 3641
3646, 3639
3648, 3641
3648, 3641
3648, 3641
3647, 3640
3646, 3639
3646, 3636
3646, 3639
3645, 3638
3646, 3639
3645, 3637
3647, 3640
3646, 3639
3646, 3639
3648, 3640
3647, 3640
3647, 3640
3648, 3640
3649, 3642
3649, 3642
3650, 3643
3651, 3644
3651, 3644
3650, 3642
3651, 3644
3651, 3638
3650, 3625
3650, 3646
3650, 3646
3652, 3648
3652, 3648
3652, 3648
3653, 3647
3653, 3649
3654, 3649
3652, 3647
3651, 3647
3653, 3649
3653, 3649
3652, 3648
3653, 3649
3652, 3648
3652, 3648
3653, 3649
3653, 3649
3654, 3650
3652, 3647
3653, 3647
3652, 3648
3653, 3649
3654, 3650
3653, 3649
3654, 3650
3651, 3647
3653, 3648
3650, 3646
3648, 3644
3649, 3645
3649, 3645
3651, 3647
3650, 3646
3650, 3645
3652, 3648
3649, 3645
3651, 3647
3651, 3645
3652, 3648
3651, 3643
3651, 3647
3652, 3648
3650, 3646
3651, 3647
3653, 3649
3654, 3650
3653, 3649
3651, 3647
3654, 3648
3654, 3649
3655, 3651
3653, 3648
3653, 3647
3651, 3647
3653, 3649
3653, 3642
3653, 3638
3652, 3648
3653, 3651
3652, 3650
3650, 3648
3651, 3649
3651, 3648
3652, 3650
3651, 3649
3651, 3649
3650, 3648
3651, 3649
3651, 3649
3652, 3650
3651, 3649
3650, 3648
3650, 3648
3649, 3647
3651, 3649
3651, 3649
3649, 3646
3650, 3648
3649, 3644
3651, 3649
3648, 3646
3650, 3648
3650, 3647
3650, 3648
3652, 3649
3654, 3651
3656, 3653
3656, 3652
3660, 3657
3660, 3658
3662, 3660
3662, 3660
3661, 3659
3662, 3660
3660, 3658
3662, 3660
3662, 3660
3663, 3661
3661, 3659
3663, 3661
3662, 3659
3662, 3658
3662, 3660
3661, 3659
3660, 3658
3660, 3658
3662, 3660
3661, 3659
3661, 3659
3657, 3655
3660, 3658
3660, 3658
3662, 3660
3661, 3659
3661, 3659
3662, 3660
3663, 3661
3663, 3661
3661, 3660
3663, 3652
3661, 3660
3662, 3661
3662, 3661
3661, 3660
3662, 3661
3659, 3658
3660, 3659
3660, 3659
3659, 3658
3659, 3658
3658, 3657
3655, 3654
3656, 3655
3653, 3652
3653, 3652
3653, 3652
3653, 3652
3653, 3652
3653, 3652
3654, 3653
3653, 3652
3654, 3652
3655, 3652
3656, 3654
3656, 3654
3657, 3655
3656, 3654
3657, 3655
3657, 3655
3657, 3655
3661, 3659
3660, 3658
3661, 3659
3663, 3661
3664, 3661
3664, 3662
3666, 3664
3667, 3665
3667, 3665
3669, 3666
3668, 3665
3668, 3664
3668, 3667
3668, 3667
3669, 3668
3670, 3669
3670, 3669
3670, 3669
3670, 3669
3672, 3670
3673, 3672
3673, 3671
3672, 3671
3673, 3672
3673, 3671
3674, 3673
3674, 3673
3674, 3673
3673, 3672
3673, 3671
3673, 3671
3673, 3668
3675, 3674
3675, 3675
3675, 3675
3676, 3675
3677, 3677
3678, 3678
3678, 3678
3680, 3680
3679, 3679
3678, 3678
3679, 3679
3680, 3680
3680, 3680
3681, 3681
3681, 3681
3681, 3681
3681, 3681
3681, 3681
3681, 3680
3681, 3679
3683, 3681
3684, 3682
3687, 3687
3688, 3688
3689, 3689
3692, 3692
3693, 3693
3696, 3696
3696, 3695
3698, 3698
3700, 3699
3699, 3698
3699, 3699
3697, 3697
3697, 3697
3697, 3697
3697, 3696
3696, 3696
3697, 3697
3697, 3694
3697, 3694
3697, 3697
3697, 3697
3697, 3697
3696, 3696
3696, 3696
3696, 3696
3694, 3694
3698, 3697
3698, 3698
3697, 3697
3697, 3697
3699, 3699
3699, 3699
3699, 3699
3699, 3699
3697, 3697
3698, 3697
3697, 3697
3698, 3694
3698, 3694
3698, 3689
3697, 3697
3697, 3697
3697, 3697
3697, 3697
3697, 3697
3697, 3696
3696, 3696
3696, 3696
3696, 3696
3697, 3697
3696, 3696
3697, 3697
3694, 3694
3694, 3694
3695, 3695
3694, 3694
3694, 3694
3694, 3694
3694, 3694
3694, 3693
3694, 3692
3695, 3695
3694, 3694
3695, 3695
3697, 3695
3697, 3697
3698, 3698
3701, 3700
3701, 3700
3703, 3701
3705, 3705
3708, 3708
3709, 3709
3710, 3710
3709, 3709
3708, 3708
3709, 3709
3709, 3708
3711, 3710
3712, 3711
3710, 3706
3710, 3709
3712, 3711
3713, 3712
3714, 3712
3714, 3713
3715, 3714
3715, 3714
3717, 3715
3715, 3713
3716, 3713
3717, 3716
3717, 3716
3717, 3716
3716, 3715
3715, 3714
3714, 3713
3714, 3706
3715, 3704
3715, 3714
3715, 3714
3715, 3714
3714, 3713
3714, 3713
3713, 3712
3713, 3712
3713, 3712
3713, 3712
3713, 3712
3713, 3712
3713, 3711
3715, 3714
3716, 3715
3714, 3713
3713, 3712
3714, 3713
3714, 3713
3713, 3712
3711, 3710
3712, 3710
3713, 3711
3713, 3711
3713, 3712
3712, 3711
3713, 3712
3713, 3710
3715, 3714
3717, 3716
3715, 3714
3718, 3715
3721, 3720
3719, 3718
3722, 3720
3723, 3721
3723, 3721
3725, 3723
3725, 3723
3727, 3725
3726, 3724
3727, 3725
3727, 3724
3727, 3723
3729, 3724
3728, 3725
3727, 3726
3727, 3726
3728, 3726
3729, 3727
3729, 3728
3731, 3728
3731, 3730
3732, 3731
3733, 3732
3734, 3733
3734, 3733
3734, 3733
3734, 3733
3734, 3733
3733, 3732
3734, 3732
3735, 3729
3735, 3721
3735, 3735
3734, 3734
3734, 3734
3734, 3734
3733, 3733
3733, 3733
3733, 3733
3733, 3733
3733, 3733
3733, 3733
3733, 3733
3733, 3733
3733, 3733
3734, 3734
3734, 3734
3733, 3733
3733, 3733
3733, 3733
3733, 3733
3733, 3733
3735, 3733
3736, 3735
3736, 3735
3737, 3737
3736, 3736
3736, 3735
3739, 3739
3741, 3739
3740, 3740
3741, 3739
3745, 3743
3740, 3740
3740, 3740
3744, 3742
3745, 3743
3747, 3745
3748, 3746
3747, 3745
3747, 3745
3747, 3745
3748, 3744
3747, 3740
3746, 3744
3747, 3745
3746, 3744
3746, 3744
3747, 3745
3749, 3746
3749, 3747
3750, 3746
3752, 3750
3752, 3750
3752, 3750
3752, 3748
3752, 3750
3752, 3750
3752, 3750
3752, 3750
3753, 3751
3753, 3748
3755, 3750
3754, 3749
3754, 3746
3755, 3755
3755, 3754
3755, 3754
3756, 3755
3755, 3754
3757, 3756
3757, 3756
3759, 3757
3758, 3757
3759, 3758
3760, 3758
3759, 3758
3759, 3758
3759, 3758
3760, 3759
3760, 3759
3761, 3759
3763, 3762
3764, 3763
3764, 3762
3764, 3761
3767, 3766
3767, 3767
3769, 3769
3770, 3770
3771, 3771
3774, 3774
3776, 3776
3777, 3777
3776, 3776
3776, 3776
3777, 3776
